{"cameraMode":{"drawMode":0,"name":"Shaded","section":"Shading Mode"},"sceneLighting":true,"audioPlay":false,"sceneViewState":{"m_AlwaysRefresh":false,"showFog":true,"showSkybox":true,"showFlares":true,"showImageEffects":true,"showParticleSystems":true,"showVisualEffectGraphs":true,"m_FxEnabled":true},"in2DMode":false,"pivot":{"x":22.70884895324707,"y":7.579086780548096,"z":12.794098854064942},"rotation":{"x":-0.19106276333332063,"y":0.02589336968958378,"z":-0.005038954317569733,"w":-0.9812350869178772},"size":0.015546203590929509,"orthographic":false}