{"cameraMode":{"drawMode":0,"name":"Shaded","section":"Shading Mode"},"sceneLighting":true,"audioPlay":false,"sceneViewState":{"m_AlwaysRefresh":false,"showFog":true,"showSkybox":true,"showFlares":true,"showImageEffects":true,"showParticleSystems":true,"showVisualEffectGraphs":true,"m_FxEnabled":true},"in2DMode":false,"pivot":{"x":40.731239318847659,"y":3.1352908611297609,"z":-8.320043563842774},"rotation":{"x":0.0032998763490468265,"y":0.0024064520839601757,"z":0.000005286475243337918,"w":-1.0000089406967164},"size":0.002321891952306032,"orthographic":false}