{"cameraMode":{"drawMode":0,"name":"Shaded","section":"Shading Mode"},"sceneLighting":true,"audioPlay":false,"sceneViewState":{"m_AlwaysRefresh":false,"showFog":true,"showSkybox":true,"showFlares":true,"showImageEffects":true,"showParticleSystems":true,"showVisualEffectGraphs":true,"m_FxEnabled":true},"in2DMode":false,"pivot":{"x":12.403983116149903,"y":7.618035316467285,"z":-5.826093673706055},"rotation":{"x":-0.20022477209568025,"y":-0.07654031366109848,"z":0.015900660306215287,"w":-0.9767818450927734},"size":0.0026558462996035816,"orthographic":false}