{"cameraMode":{"drawMode":0,"name":"Shaded","section":"Shading Mode"},"sceneLighting":true,"audioPlay":false,"sceneViewState":{"m_AlwaysRefresh":false,"showFog":true,"showSkybox":true,"showFlares":true,"showImageEffects":true,"showParticleSystems":true,"showVisualEffectGraphs":true,"m_FxEnabled":true},"in2DMode":false,"pivot":{"x":43.43547821044922,"y":20.346403121948243,"z":-32.868473052978519},"rotation":{"x":-0.06839039921760559,"y":0.09244184195995331,"z":-0.006045434158295393,"w":-0.9935048818588257},"size":0.0026558462996035816,"orthographic":false}